{
    "success": false,
    "status": "failed",
    "raw_document_id": 61,
    "file_id": 61,
    "company_id": 1,
    "statement_month": "2025-05",
    "account_number": "HLB-001",
    "status_reason": "CSV\u5b57\u6bb5\u4e0d\u5b8c\u6574\uff0c\u7f3a\u5c11\u5fc5\u9700\u5b57\u6bb5: Reference, Credit, Debit",
    "next_actions": [
        "view_exceptions",
        "reprocess",
        "download_original"
    ],
    "warnings": [
        "\u8bf7\u524d\u5f80\u5f02\u5e38\u4e2d\u5fc3\u68c0\u67e5\u5e76\u4fee\u590d\u95ee\u9898"
    ],
    "existing_file_id": null,
    "duplicate_warning": null,
    "message": null,
    "imported": null,
    "matched": null,
    "file_path": null,
    "api_version": "v2_phase1-10",
    "protection_enabled": true
}
