{
    "total_banks": 15,
    "enabled_banks": 15,
    "circuit_open_count": 0,
    "average_success_rate": null,
    "metrics": [
        {
            "bank_code": "maybank",
            "total_requests": 0,
            "success_rate": null,
            "error_rate": null,
            "consecutive_errors": 0,
            "circuit_open": false,
            "last_success": null,
            "status": "no_data"
        },
        {
            "bank_code": "cimb",
            "total_requests": 0,
            "success_rate": null,
            "error_rate": null,
            "consecutive_errors": 0,
            "circuit_open": false,
            "last_success": null,
            "status": "no_data"
        },
        {
            "bank_code": "public_bank",
            "total_requests": 0,
            "success_rate": null,
            "error_rate": null,
            "consecutive_errors": 0,
            "circuit_open": false,
            "last_success": null,
            "status": "no_data"
        },
        {
            "bank_code": "rhb",
            "total_requests": 0,
            "success_rate": null,
            "error_rate": null,
            "consecutive_errors": 0,
            "circuit_open": false,
            "last_success": null,
            "status": "no_data"
        },
        {
            "bank_code": "hong_leong",
            "total_requests": 0,
            "success_rate": null,
            "error_rate": null,
            "consecutive_errors": 0,
            "circuit_open": false,
            "last_success": null,
            "status": "no_data"
        },
        {
            "bank_code": "ambank",
            "total_requests": 0,
            "success_rate": null,
            "error_rate": null,
            "consecutive_errors": 0,
            "circuit_open": false,
            "last_success": null,
            "status": "no_data"
        },
        {
            "bank_code": "uob",
            "total_requests": 0,
            "success_rate": null,
            "error_rate": null,
            "consecutive_errors": 0,
            "circuit_open": false,
            "last_success": null,
            "status": "no_data"
        },
        {
            "bank_code": "ocbc",
            "total_requests": 0,
            "success_rate": null,
            "error_rate": null,
            "consecutive_errors": 0,
            "circuit_open": false,
            "last_success": null,
            "status": "no_data"
        },
        {
            "bank_code": "hsbc",
            "total_requests": 0,
            "success_rate": null,
            "error_rate": null,
            "consecutive_errors": 0,
            "circuit_open": false,
            "last_success": null,
            "status": "no_data"
        },
        {
            "bank_code": "standard_chartered",
            "total_requests": 0,
            "success_rate": null,
            "error_rate": null,
            "consecutive_errors": 0,
            "circuit_open": false,
            "last_success": null,
            "status": "no_data"
        },
        {
            "bank_code": "citibank",
            "total_requests": 0,
            "success_rate": null,
            "error_rate": null,
            "consecutive_errors": 0,
            "circuit_open": false,
            "last_success": null,
            "status": "no_data"
        },
        {
            "bank_code": "affin",
            "total_requests": 0,
            "success_rate": null,
            "error_rate": null,
            "consecutive_errors": 0,
            "circuit_open": false,
            "last_success": null,
            "status": "no_data"
        },
        {
            "bank_code": "alliance",
            "total_requests": 0,
            "success_rate": null,
            "error_rate": null,
            "consecutive_errors": 0,
            "circuit_open": false,
            "last_success": null,
            "status": "no_data"
        },
        {
            "bank_code": "bank_islam",
            "total_requests": 0,
            "success_rate": null,
            "error_rate": null,
            "consecutive_errors": 0,
            "circuit_open": false,
            "last_success": null,
            "status": "no_data"
        },
        {
            "bank_code": "mbsb",
            "total_requests": 0,
            "success_rate": null,
            "error_rate": null,
            "consecutive_errors": 0,
            "circuit_open": false,
            "last_success": null,
            "status": "no_data"
        }
    ],
    "updated_at": "2025-11-03T09:26:26.014726"
}
