{
    "success": true,
    "status": "active",
    "raw_document_id": 62,
    "file_id": 62,
    "company_id": 1,
    "statement_month": "2025-06",
    "account_number": "HLB-RECOVERED",
    "status_reason": null,
    "next_actions": [
        "generate_report",
        "download_original"
    ],
    "warnings": [],
    "existing_file_id": null,
    "duplicate_warning": null,
    "message": "\u2705 \u6210\u529f\u5bfc\u5165 4 \u7b14\u94f6\u884c\u6d41\u6c34\uff0c\u81ea\u52a8\u5339\u914d 2 \u7b14",
    "imported": 4,
    "matched": 2,
    "file_path": "/home/runner/workspace/accounting_data/companies/1/bank_statements/2025/06/company1_20251103_092916_valid_statement.csv",
    "api_version": "v2_phase1-10",
    "protection_enabled": true
}
