[
    {
        "bank_code": "maybank",
        "bank_name_en": "Maybank (Malayan Banking Berhad)",
        "bank_name_zh": "\u9a6c\u6765\u4e9a\u94f6\u884c",
        "supported_formats": [
            "pdf",
            "csv"
        ],
        "parser_version": "v1.0",
        "enabled": true,
        "circuit_open": false,
        "circuit_reason": null,
        "notes": ""
    },
    {
        "bank_code": "cimb",
        "bank_name_en": "CIMB Bank",
        "bank_name_zh": "\u8054\u660c\u56fd\u9645\u94f6\u884c",
        "supported_formats": [
            "pdf",
            "csv"
        ],
        "parser_version": "v1.0",
        "enabled": true,
        "circuit_open": false,
        "circuit_reason": null,
        "notes": ""
    },
    {
        "bank_code": "public_bank",
        "bank_name_en": "Public Bank",
        "bank_name_zh": "\u5927\u4f17\u94f6\u884c",
        "supported_formats": [
            "pdf",
            "csv"
        ],
        "parser_version": "v1.0",
        "enabled": true,
        "circuit_open": false,
        "circuit_reason": null,
        "notes": ""
    },
    {
        "bank_code": "rhb",
        "bank_name_en": "RHB Bank",
        "bank_name_zh": "\u5174\u4e1a\u94f6\u884c",
        "supported_formats": [
            "pdf",
            "csv"
        ],
        "parser_version": "v1.0",
        "enabled": true,
        "circuit_open": false,
        "circuit_reason": null,
        "notes": ""
    },
    {
        "bank_code": "hong_leong",
        "bank_name_en": "Hong Leong Bank",
        "bank_name_zh": "\u4e30\u9686\u94f6\u884c",
        "supported_formats": [
            "pdf",
            "csv"
        ],
        "parser_version": "v1.0",
        "enabled": true,
        "circuit_open": false,
        "circuit_reason": null,
        "notes": ""
    },
    {
        "bank_code": "ambank",
        "bank_name_en": "AmBank (AmBank Group)",
        "bank_name_zh": "\u5b89\u8054\u94f6\u884c",
        "supported_formats": [
            "pdf",
            "csv"
        ],
        "parser_version": "v1.0",
        "enabled": true,
        "circuit_open": false,
        "circuit_reason": null,
        "notes": ""
    },
    {
        "bank_code": "uob",
        "bank_name_en": "United Overseas Bank (UOB)",
        "bank_name_zh": "\u5927\u534e\u94f6\u884c",
        "supported_formats": [
            "pdf",
            "csv"
        ],
        "parser_version": "v1.0",
        "enabled": true,
        "circuit_open": false,
        "circuit_reason": null,
        "notes": ""
    },
    {
        "bank_code": "ocbc",
        "bank_name_en": "OCBC Bank",
        "bank_name_zh": "\u534e\u4fa8\u94f6\u884c",
        "supported_formats": [
            "pdf",
            "csv"
        ],
        "parser_version": "v1.0",
        "enabled": true,
        "circuit_open": false,
        "circuit_reason": null,
        "notes": ""
    },
    {
        "bank_code": "hsbc",
        "bank_name_en": "HSBC Bank Malaysia",
        "bank_name_zh": "\u6c47\u4e30\u94f6\u884c",
        "supported_formats": [
            "pdf",
            "csv"
        ],
        "parser_version": "v1.0",
        "enabled": true,
        "circuit_open": false,
        "circuit_reason": null,
        "notes": ""
    },
    {
        "bank_code": "standard_chartered",
        "bank_name_en": "Standard Chartered Bank Malaysia",
        "bank_name_zh": "\u6e23\u6253\u94f6\u884c",
        "supported_formats": [
            "pdf",
            "csv"
        ],
        "parser_version": "v1.0",
        "enabled": true,
        "circuit_open": false,
        "circuit_reason": null,
        "notes": ""
    },
    {
        "bank_code": "citibank",
        "bank_name_en": "Citibank Malaysia",
        "bank_name_zh": "\u82b1\u65d7\u94f6\u884c",
        "supported_formats": [
            "pdf",
            "csv"
        ],
        "parser_version": "v1.0",
        "enabled": true,
        "circuit_open": false,
        "circuit_reason": null,
        "notes": ""
    },
    {
        "bank_code": "affin",
        "bank_name_en": "Affin Bank",
        "bank_name_zh": "\u827e\u82ac\u94f6\u884c",
        "supported_formats": [
            "pdf",
            "csv"
        ],
        "parser_version": "v1.0",
        "enabled": true,
        "circuit_open": false,
        "circuit_reason": null,
        "notes": ""
    },
    {
        "bank_code": "alliance",
        "bank_name_en": "Alliance Bank Malaysia",
        "bank_name_zh": "\u8054\u76df\u94f6\u884c",
        "supported_formats": [
            "pdf",
            "csv"
        ],
        "parser_version": "v1.0",
        "enabled": true,
        "circuit_open": false,
        "circuit_reason": null,
        "notes": ""
    },
    {
        "bank_code": "bank_islam",
        "bank_name_en": "Bank Islam Malaysia",
        "bank_name_zh": "\u9a6c\u6765\u897f\u4e9a\u4f0a\u65af\u5170\u94f6\u884c",
        "supported_formats": [
            "pdf",
            "csv"
        ],
        "parser_version": "v1.0",
        "enabled": true,
        "circuit_open": false,
        "circuit_reason": null,
        "notes": ""
    },
    {
        "bank_code": "mbsb",
        "bank_name_en": "MBSB Bank",
        "bank_name_zh": "\u9a6c\u6765\u897f\u4e9a\u5efa\u8bbe\u94f6\u884c",
        "supported_formats": [
            "pdf",
            "csv"
        ],
        "parser_version": "v1.0",
        "enabled": true,
        "circuit_open": false,
        "circuit_reason": null,
        "notes": ""
    }
]
