{
    "success": false,
    "status": "failed",
    "raw_document_id": null,
    "file_id": null,
    "company_id": null,
    "statement_month": null,
    "account_number": null,
    "status_reason": "\u8be5\u94f6\u884c\u89e3\u6790\u6682\u65f6\u4e0d\u53ef\u7528\uff0c\u8bf759\u5206\u949f\u540e\u91cd\u8bd5\u6216\u4f7f\u7528CSV\u5bfc\u5165\u3002",
    "next_actions": [
        "retry_later",
        "use_csv_template"
    ],
    "warnings": [
        "\u8be5\u94f6\u884c\u89e3\u6790\u6682\u65f6\u4e0d\u53ef\u7528\uff0c\u8bf7\u7a0d\u540e\u91cd\u8bd5\u6216\u4f7f\u7528CSV\u6a21\u677f\u5bfc\u5165"
    ],
    "existing_file_id": null,
    "duplicate_warning": null,
    "message": null,
    "imported": null,
    "matched": null,
    "file_path": null,
    "api_version": "v2_phase1-10",
    "protection_enabled": true
}
